--
-- PostgreSQL database dump
--

\restrict evWx9uc1AoC1l0Z5xkWVqFdRPa2rvV3la6zHghOOOckC0aIlWtYqQ0fOuC7FXAS

-- Dumped from database version 18.4
-- Dumped by pg_dump version 18.4

-- Started on 2026-06-17 08:41:01

SET statement_timeout = 0;
SET lock_timeout = 0;
SET idle_in_transaction_session_timeout = 0;
SET transaction_timeout = 0;
SET client_encoding = 'UTF8';
SET standard_conforming_strings = on;
SELECT pg_catalog.set_config('search_path', '', false);
SET check_function_bodies = false;
SET xmloption = content;
SET client_min_messages = warning;
SET row_security = off;

SET default_tablespace = '';

SET default_table_access_method = heap;

--
-- TOC entry 236 (class 1259 OID 66072)
-- Name: AuthenticationApp_authenticationmodule; Type: TABLE; Schema: public; Owner: postgres
--

CREATE TABLE public."AuthenticationApp_authenticationmodule" (
    id bigint NOT NULL,
    password character varying(128) NOT NULL,
    last_login timestamp with time zone,
    is_superuser boolean NOT NULL,
    username character varying(150) NOT NULL,
    first_name character varying(150) NOT NULL,
    last_name character varying(150) NOT NULL,
    email character varying(254) NOT NULL,
    is_staff boolean NOT NULL,
    is_active boolean NOT NULL,
    date_joined timestamp with time zone NOT NULL
);


ALTER TABLE public."AuthenticationApp_authenticationmodule" OWNER TO postgres;

--
-- TOC entry 238 (class 1259 OID 66092)
-- Name: AuthenticationApp_authenticationmodule_groups; Type: TABLE; Schema: public; Owner: postgres
--

CREATE TABLE public."AuthenticationApp_authenticationmodule_groups" (
    id bigint NOT NULL,
    authenticationmodule_id bigint CONSTRAINT "AuthenticationApp_authenticati_authenticationmodule_id_not_null" NOT NULL,
    group_id integer NOT NULL
);


ALTER TABLE public."AuthenticationApp_authenticationmodule_groups" OWNER TO postgres;

--
-- TOC entry 237 (class 1259 OID 66091)
-- Name: AuthenticationApp_authenticationmodule_groups_id_seq; Type: SEQUENCE; Schema: public; Owner: postgres
--

ALTER TABLE public."AuthenticationApp_authenticationmodule_groups" ALTER COLUMN id ADD GENERATED BY DEFAULT AS IDENTITY (
    SEQUENCE NAME public."AuthenticationApp_authenticationmodule_groups_id_seq"
    START WITH 1
    INCREMENT BY 1
    NO MINVALUE
    NO MAXVALUE
    CACHE 1
);


--
-- TOC entry 235 (class 1259 OID 66071)
-- Name: AuthenticationApp_authenticationmodule_id_seq; Type: SEQUENCE; Schema: public; Owner: postgres
--

ALTER TABLE public."AuthenticationApp_authenticationmodule" ALTER COLUMN id ADD GENERATED BY DEFAULT AS IDENTITY (
    SEQUENCE NAME public."AuthenticationApp_authenticationmodule_id_seq"
    START WITH 1
    INCREMENT BY 1
    NO MINVALUE
    NO MAXVALUE
    CACHE 1
);


--
-- TOC entry 240 (class 1259 OID 66101)
-- Name: AuthenticationApp_authenticationmodule_user_permissions; Type: TABLE; Schema: public; Owner: postgres
--

CREATE TABLE public."AuthenticationApp_authenticationmodule_user_permissions" (
    id bigint CONSTRAINT "AuthenticationApp_authenticationmodule_user_permiss_id_not_null" NOT NULL,
    authenticationmodule_id bigint CONSTRAINT "AuthenticationApp_authenticat_authenticationmodule_id_not_null1" NOT NULL,
    permission_id integer CONSTRAINT "AuthenticationApp_authenticationmodule_u_permission_id_not_null" NOT NULL
);


ALTER TABLE public."AuthenticationApp_authenticationmodule_user_permissions" OWNER TO postgres;

--
-- TOC entry 239 (class 1259 OID 66100)
-- Name: AuthenticationApp_authenticationmodule_user_permissions_id_seq; Type: SEQUENCE; Schema: public; Owner: postgres
--

ALTER TABLE public."AuthenticationApp_authenticationmodule_user_permissions" ALTER COLUMN id ADD GENERATED BY DEFAULT AS IDENTITY (
    SEQUENCE NAME public."AuthenticationApp_authenticationmodule_user_permissions_id_seq"
    START WITH 1
    INCREMENT BY 1
    NO MINVALUE
    NO MAXVALUE
    CACHE 1
);


--
-- TOC entry 230 (class 1259 OID 66044)
-- Name: AuthenticationApp_employeemodel; Type: TABLE; Schema: public; Owner: postgres
--

CREATE TABLE public."AuthenticationApp_employeemodel" (
    id bigint NOT NULL,
    name character varying(100),
    email character varying(254),
    phone character varying(100),
    department character varying(100),
    salary integer,
    CONSTRAINT "AuthenticationApp_employeemodel_salary_check" CHECK ((salary >= 0))
);


ALTER TABLE public."AuthenticationApp_employeemodel" OWNER TO postgres;

--
-- TOC entry 229 (class 1259 OID 66043)
-- Name: AuthenticationApp_employeemodel_id_seq; Type: SEQUENCE; Schema: public; Owner: postgres
--

ALTER TABLE public."AuthenticationApp_employeemodel" ALTER COLUMN id ADD GENERATED BY DEFAULT AS IDENTITY (
    SEQUENCE NAME public."AuthenticationApp_employeemodel_id_seq"
    START WITH 1
    INCREMENT BY 1
    NO MINVALUE
    NO MAXVALUE
    CACHE 1
);


--
-- TOC entry 232 (class 1259 OID 66054)
-- Name: AuthenticationApp_productmodel; Type: TABLE; Schema: public; Owner: postgres
--

CREATE TABLE public."AuthenticationApp_productmodel" (
    id bigint NOT NULL,
    product_name character varying(100),
    category character varying(100),
    description character varying(100),
    price integer,
    quantity integer,
    CONSTRAINT "AuthenticationApp_productmodel_price_check" CHECK ((price >= 0)),
    CONSTRAINT "AuthenticationApp_productmodel_quantity_check" CHECK ((quantity >= 0))
);


ALTER TABLE public."AuthenticationApp_productmodel" OWNER TO postgres;

--
-- TOC entry 231 (class 1259 OID 66053)
-- Name: AuthenticationApp_productmodel_id_seq; Type: SEQUENCE; Schema: public; Owner: postgres
--

ALTER TABLE public."AuthenticationApp_productmodel" ALTER COLUMN id ADD GENERATED BY DEFAULT AS IDENTITY (
    SEQUENCE NAME public."AuthenticationApp_productmodel_id_seq"
    START WITH 1
    INCREMENT BY 1
    NO MINVALUE
    NO MAXVALUE
    CACHE 1
);


--
-- TOC entry 234 (class 1259 OID 66063)
-- Name: AuthenticationApp_studentmodel; Type: TABLE; Schema: public; Owner: postgres
--

CREATE TABLE public."AuthenticationApp_studentmodel" (
    id bigint NOT NULL,
    name character varying(100),
    roll_number character varying(100),
    email character varying(254),
    course character varying(100),
    semester character varying(100)
);


ALTER TABLE public."AuthenticationApp_studentmodel" OWNER TO postgres;

--
-- TOC entry 233 (class 1259 OID 66062)
-- Name: AuthenticationApp_studentmodel_id_seq; Type: SEQUENCE; Schema: public; Owner: postgres
--

ALTER TABLE public."AuthenticationApp_studentmodel" ALTER COLUMN id ADD GENERATED BY DEFAULT AS IDENTITY (
    SEQUENCE NAME public."AuthenticationApp_studentmodel_id_seq"
    START WITH 1
    INCREMENT BY 1
    NO MINVALUE
    NO MAXVALUE
    CACHE 1
);


--
-- TOC entry 226 (class 1259 OID 65997)
-- Name: auth_group; Type: TABLE; Schema: public; Owner: postgres
--

CREATE TABLE public.auth_group (
    id integer NOT NULL,
    name character varying(150) NOT NULL
);


ALTER TABLE public.auth_group OWNER TO postgres;

--
-- TOC entry 225 (class 1259 OID 65996)
-- Name: auth_group_id_seq; Type: SEQUENCE; Schema: public; Owner: postgres
--

ALTER TABLE public.auth_group ALTER COLUMN id ADD GENERATED BY DEFAULT AS IDENTITY (
    SEQUENCE NAME public.auth_group_id_seq
    START WITH 1
    INCREMENT BY 1
    NO MINVALUE
    NO MAXVALUE
    CACHE 1
);


--
-- TOC entry 228 (class 1259 OID 66007)
-- Name: auth_group_permissions; Type: TABLE; Schema: public; Owner: postgres
--

CREATE TABLE public.auth_group_permissions (
    id bigint NOT NULL,
    group_id integer NOT NULL,
    permission_id integer NOT NULL
);


ALTER TABLE public.auth_group_permissions OWNER TO postgres;

--
-- TOC entry 227 (class 1259 OID 66006)
-- Name: auth_group_permissions_id_seq; Type: SEQUENCE; Schema: public; Owner: postgres
--

ALTER TABLE public.auth_group_permissions ALTER COLUMN id ADD GENERATED BY DEFAULT AS IDENTITY (
    SEQUENCE NAME public.auth_group_permissions_id_seq
    START WITH 1
    INCREMENT BY 1
    NO MINVALUE
    NO MAXVALUE
    CACHE 1
);


--
-- TOC entry 224 (class 1259 OID 65987)
-- Name: auth_permission; Type: TABLE; Schema: public; Owner: postgres
--

CREATE TABLE public.auth_permission (
    id integer NOT NULL,
    name character varying(255) NOT NULL,
    content_type_id integer NOT NULL,
    codename character varying(100) NOT NULL
);


ALTER TABLE public.auth_permission OWNER TO postgres;

--
-- TOC entry 223 (class 1259 OID 65986)
-- Name: auth_permission_id_seq; Type: SEQUENCE; Schema: public; Owner: postgres
--

ALTER TABLE public.auth_permission ALTER COLUMN id ADD GENERATED BY DEFAULT AS IDENTITY (
    SEQUENCE NAME public.auth_permission_id_seq
    START WITH 1
    INCREMENT BY 1
    NO MINVALUE
    NO MAXVALUE
    CACHE 1
);


--
-- TOC entry 242 (class 1259 OID 66139)
-- Name: django_admin_log; Type: TABLE; Schema: public; Owner: postgres
--

CREATE TABLE public.django_admin_log (
    id integer NOT NULL,
    action_time timestamp with time zone NOT NULL,
    object_id text,
    object_repr character varying(200) NOT NULL,
    action_flag smallint NOT NULL,
    change_message text NOT NULL,
    content_type_id integer,
    user_id bigint NOT NULL,
    CONSTRAINT django_admin_log_action_flag_check CHECK ((action_flag >= 0))
);


ALTER TABLE public.django_admin_log OWNER TO postgres;

--
-- TOC entry 241 (class 1259 OID 66138)
-- Name: django_admin_log_id_seq; Type: SEQUENCE; Schema: public; Owner: postgres
--

ALTER TABLE public.django_admin_log ALTER COLUMN id ADD GENERATED BY DEFAULT AS IDENTITY (
    SEQUENCE NAME public.django_admin_log_id_seq
    START WITH 1
    INCREMENT BY 1
    NO MINVALUE
    NO MAXVALUE
    CACHE 1
);


--
-- TOC entry 222 (class 1259 OID 65975)
-- Name: django_content_type; Type: TABLE; Schema: public; Owner: postgres
--

CREATE TABLE public.django_content_type (
    id integer NOT NULL,
    app_label character varying(100) NOT NULL,
    model character varying(100) NOT NULL
);


ALTER TABLE public.django_content_type OWNER TO postgres;

--
-- TOC entry 221 (class 1259 OID 65974)
-- Name: django_content_type_id_seq; Type: SEQUENCE; Schema: public; Owner: postgres
--

ALTER TABLE public.django_content_type ALTER COLUMN id ADD GENERATED BY DEFAULT AS IDENTITY (
    SEQUENCE NAME public.django_content_type_id_seq
    START WITH 1
    INCREMENT BY 1
    NO MINVALUE
    NO MAXVALUE
    CACHE 1
);


--
-- TOC entry 220 (class 1259 OID 65963)
-- Name: django_migrations; Type: TABLE; Schema: public; Owner: postgres
--

CREATE TABLE public.django_migrations (
    id bigint NOT NULL,
    app character varying(255) NOT NULL,
    name character varying(255) NOT NULL,
    applied timestamp with time zone NOT NULL
);


ALTER TABLE public.django_migrations OWNER TO postgres;

--
-- TOC entry 219 (class 1259 OID 65962)
-- Name: django_migrations_id_seq; Type: SEQUENCE; Schema: public; Owner: postgres
--

ALTER TABLE public.django_migrations ALTER COLUMN id ADD GENERATED BY DEFAULT AS IDENTITY (
    SEQUENCE NAME public.django_migrations_id_seq
    START WITH 1
    INCREMENT BY 1
    NO MINVALUE
    NO MAXVALUE
    CACHE 1
);


--
-- TOC entry 243 (class 1259 OID 66165)
-- Name: django_session; Type: TABLE; Schema: public; Owner: postgres
--

CREATE TABLE public.django_session (
    session_key character varying(40) NOT NULL,
    session_data text NOT NULL,
    expire_date timestamp with time zone NOT NULL
);


ALTER TABLE public.django_session OWNER TO postgres;

--
-- TOC entry 5044 (class 0 OID 66072)
-- Dependencies: 236
-- Data for Name: AuthenticationApp_authenticationmodule; Type: TABLE DATA; Schema: public; Owner: postgres
--

COPY public."AuthenticationApp_authenticationmodule" (id, password, last_login, is_superuser, username, first_name, last_name, email, is_staff, is_active, date_joined) FROM stdin;
2	pbkdf2_sha256$1200000$zgZFLqG8z9JO5EOBBrTlKs$9TuOKU8dDUf0JZPpDMZNPt0fy2S5G32eCDF3BCOND68=	2026-06-16 10:30:06.776068+06	f	ahad			ahad987@gmail.com	f	t	2026-06-16 09:01:17.981412+06
1	pbkdf2_sha256$1200000$ubqKqYgGR9fGdMNgdxBSsc$6zKUwSgUsWSteI6U36EKGBeoHYFQcGs05BWs0Zkh6nI=	2026-06-17 08:30:05.916438+06	t	admin				t	t	2026-06-16 08:39:57.729354+06
\.


--
-- TOC entry 5046 (class 0 OID 66092)
-- Dependencies: 238
-- Data for Name: AuthenticationApp_authenticationmodule_groups; Type: TABLE DATA; Schema: public; Owner: postgres
--

COPY public."AuthenticationApp_authenticationmodule_groups" (id, authenticationmodule_id, group_id) FROM stdin;
\.


--
-- TOC entry 5048 (class 0 OID 66101)
-- Dependencies: 240
-- Data for Name: AuthenticationApp_authenticationmodule_user_permissions; Type: TABLE DATA; Schema: public; Owner: postgres
--

COPY public."AuthenticationApp_authenticationmodule_user_permissions" (id, authenticationmodule_id, permission_id) FROM stdin;
\.


--
-- TOC entry 5038 (class 0 OID 66044)
-- Dependencies: 230
-- Data for Name: AuthenticationApp_employeemodel; Type: TABLE DATA; Schema: public; Owner: postgres
--

COPY public."AuthenticationApp_employeemodel" (id, name, email, phone, department, salary) FROM stdin;
2	Babul	b@em.com		Marketing	30000
3	Rahim	r@e.com	789	Accounts	45000
4	Karib	k@email.com	456789	Account	62000
\.


--
-- TOC entry 5040 (class 0 OID 66054)
-- Dependencies: 232
-- Data for Name: AuthenticationApp_productmodel; Type: TABLE DATA; Schema: public; Owner: postgres
--

COPY public."AuthenticationApp_productmodel" (id, product_name, category, description, price, quantity) FROM stdin;
1	Mouse	Elctronics	Technological Prodeuct	300	20
3	Keyboard	Input Device	Keyboard is a Input Device	800	30
4	SSD	Memory	SSD Price in Bangladesh starts from BDT	5000	50
\.


--
-- TOC entry 5042 (class 0 OID 66063)
-- Dependencies: 234
-- Data for Name: AuthenticationApp_studentmodel; Type: TABLE DATA; Schema: public; Owner: postgres
--

COPY public."AuthenticationApp_studentmodel" (id, name, roll_number, email, course, semester) FROM stdin;
1	Kazi Nazrul	101	k@e.com	Python	Fall
2	Sumon	101	s@email.cmo	Java	Summer
4	Sumon	203	s@emi.co	DBMS	January
\.


--
-- TOC entry 5034 (class 0 OID 65997)
-- Dependencies: 226
-- Data for Name: auth_group; Type: TABLE DATA; Schema: public; Owner: postgres
--

COPY public.auth_group (id, name) FROM stdin;
\.


--
-- TOC entry 5036 (class 0 OID 66007)
-- Dependencies: 228
-- Data for Name: auth_group_permissions; Type: TABLE DATA; Schema: public; Owner: postgres
--

COPY public.auth_group_permissions (id, group_id, permission_id) FROM stdin;
\.


--
-- TOC entry 5032 (class 0 OID 65987)
-- Dependencies: 224
-- Data for Name: auth_permission; Type: TABLE DATA; Schema: public; Owner: postgres
--

COPY public.auth_permission (id, name, content_type_id, codename) FROM stdin;
1	Can add permission	2	add_permission
2	Can change permission	2	change_permission
3	Can delete permission	2	delete_permission
4	Can view permission	2	view_permission
5	Can add group	1	add_group
6	Can change group	1	change_group
7	Can delete group	1	delete_group
8	Can view group	1	view_group
9	Can add content type	3	add_contenttype
10	Can change content type	3	change_contenttype
11	Can delete content type	3	delete_contenttype
12	Can view content type	3	view_contenttype
13	Can add employee model	5	add_employeemodel
14	Can change employee model	5	change_employeemodel
15	Can delete employee model	5	delete_employeemodel
16	Can view employee model	5	view_employeemodel
17	Can add product model	6	add_productmodel
18	Can change product model	6	change_productmodel
19	Can delete product model	6	delete_productmodel
20	Can view product model	6	view_productmodel
21	Can add student model	7	add_studentmodel
22	Can change student model	7	change_studentmodel
23	Can delete student model	7	delete_studentmodel
24	Can view student model	7	view_studentmodel
25	Can add user	4	add_authenticationmodule
26	Can change user	4	change_authenticationmodule
27	Can delete user	4	delete_authenticationmodule
28	Can view user	4	view_authenticationmodule
29	Can add log entry	8	add_logentry
30	Can change log entry	8	change_logentry
31	Can delete log entry	8	delete_logentry
32	Can view log entry	8	view_logentry
33	Can add session	9	add_session
34	Can change session	9	change_session
35	Can delete session	9	delete_session
36	Can view session	9	view_session
\.


--
-- TOC entry 5050 (class 0 OID 66139)
-- Dependencies: 242
-- Data for Name: django_admin_log; Type: TABLE DATA; Schema: public; Owner: postgres
--

COPY public.django_admin_log (id, action_time, object_id, object_repr, action_flag, change_message, content_type_id, user_id) FROM stdin;
1	2026-06-16 09:56:53.457239+06	1	Abul	1	[{"added": {}}]	5	1
2	2026-06-16 12:09:27.923153+06	1	Kazi Nazrul	1	[{"added": {}}]	7	1
3	2026-06-16 12:47:13.396592+06	1	Mouse	1	[{"added": {}}]	6	1
\.


--
-- TOC entry 5030 (class 0 OID 65975)
-- Dependencies: 222
-- Data for Name: django_content_type; Type: TABLE DATA; Schema: public; Owner: postgres
--

COPY public.django_content_type (id, app_label, model) FROM stdin;
1	auth	group
2	auth	permission
3	contenttypes	contenttype
4	AuthenticationApp	authenticationmodule
5	AuthenticationApp	employeemodel
6	AuthenticationApp	productmodel
7	AuthenticationApp	studentmodel
8	admin	logentry
9	sessions	session
\.


--
-- TOC entry 5028 (class 0 OID 65963)
-- Dependencies: 220
-- Data for Name: django_migrations; Type: TABLE DATA; Schema: public; Owner: postgres
--

COPY public.django_migrations (id, app, name, applied) FROM stdin;
1	contenttypes	0001_initial	2026-06-16 08:39:25.424768+06
2	contenttypes	0002_remove_content_type_name	2026-06-16 08:39:25.441874+06
3	auth	0001_initial	2026-06-16 08:39:25.486084+06
4	auth	0002_alter_permission_name_max_length	2026-06-16 08:39:25.491495+06
5	auth	0003_alter_user_email_max_length	2026-06-16 08:39:25.495642+06
6	auth	0004_alter_user_username_opts	2026-06-16 08:39:25.500147+06
7	auth	0005_alter_user_last_login_null	2026-06-16 08:39:25.504608+06
8	auth	0006_require_contenttypes_0002	2026-06-16 08:39:25.505931+06
9	auth	0007_alter_validators_add_error_messages	2026-06-16 08:39:25.510245+06
10	auth	0008_alter_user_username_max_length	2026-06-16 08:39:25.514567+06
11	auth	0009_alter_user_last_name_max_length	2026-06-16 08:39:25.520105+06
12	auth	0010_alter_group_name_max_length	2026-06-16 08:39:25.529583+06
13	auth	0011_update_proxy_permissions	2026-06-16 08:39:25.538074+06
14	auth	0012_alter_user_first_name_max_length	2026-06-16 08:39:25.549203+06
15	AuthenticationApp	0001_initial	2026-06-16 08:39:25.604971+06
16	admin	0001_initial	2026-06-16 08:39:32.107646+06
17	admin	0002_logentry_remove_auto_add	2026-06-16 08:39:32.115047+06
18	admin	0003_logentry_add_action_flag_choices	2026-06-16 08:39:32.121231+06
19	sessions	0001_initial	2026-06-16 08:39:32.130538+06
\.


--
-- TOC entry 5051 (class 0 OID 66165)
-- Dependencies: 243
-- Data for Name: django_session; Type: TABLE DATA; Schema: public; Owner: postgres
--

COPY public.django_session (session_key, session_data, expire_date) FROM stdin;
owszsfpsdd66lkznnkxl2ep8932qdyp6	.eJxVjLsOwjAMAP_FM4ritI1JR_Z-Q-TYCSmgVupjQvw7qtQB1rvTvSHyvtW4r3mJo0IPCJdfllieeTqEPni6z0bmaVvGZI7EnHY1w6z5dTvbv0HltUIP4pQxqPgmW1c614p2ySOVq6PASEySu2A9JRH1yG1DpVhMjZCIdQifL_BXOCA:1wZJj7:mzmbKPhOmhZgxgRjs12CNPAfrcajXFsxhI42tUR2JFc	2026-06-30 08:40:33.067026+06
xzd0s3ium3xkb0yezkbz6xo480t37kpv	.eJxVjLsOwjAMAP_FM4ritI1JR_Z-Q-TYCSmgVupjQvw7qtQB1rvTvSHyvtW4r3mJo0IPCJdfllieeTqEPni6z0bmaVvGZI7EnHY1w6z5dTvbv0HltUIP4pQxqPgmW1c614p2ySOVq6PASEySu2A9JRH1yG1DpVhMjZCIdQifL_BXOCA:1wZL6O:ZUzab_xqlEvypQlRgMDbt4pkO679nwOYtuBCdeN7yZM	2026-06-30 10:08:40.704376+06
hmmfk9w5du8ubipx1hp9x8hcjb4rrdwf	.eJxVjLsOwjAMAP_FM4ritI1JR_Z-Q-TYCSmgVupjQvw7qtQB1rvTvSHyvtW4r3mJo0IPCJdfllieeTqEPni6z0bmaVvGZI7EnHY1w6z5dTvbv0HltUIP4pQxqPgmW1c614p2ySOVq6PASEySu2A9JRH1yG1DpVhMjZCIdQifL_BXOCA:1wZfq5:FqYfXc9tKlflb4ODcVMkoynyfpfS2BK0M60YVGgH7Nk	2026-07-01 08:17:13.071926+06
2bxdeq3kbeqpc6b5e1ug5q2ufs83f7kt	.eJxVjLsOwjAMAP_FM4ritI1JR_Z-Q-TYCSmgVupjQvw7qtQB1rvTvSHyvtW4r3mJo0IPCJdfllieeTqEPni6z0bmaVvGZI7EnHY1w6z5dTvbv0HltUIP4pQxqPgmW1c614p2ySOVq6PASEySu2A9JRH1yG1DpVhMjZCIdQifL_BXOCA:1wZg2X:wt78ROzSEwsqaFOk0uUlsgB1mN_CC7DdF1Ddv98Y-9k	2026-07-01 08:30:05.9257+06
\.


--
-- TOC entry 5057 (class 0 OID 0)
-- Dependencies: 237
-- Name: AuthenticationApp_authenticationmodule_groups_id_seq; Type: SEQUENCE SET; Schema: public; Owner: postgres
--

SELECT pg_catalog.setval('public."AuthenticationApp_authenticationmodule_groups_id_seq"', 1, false);


--
-- TOC entry 5058 (class 0 OID 0)
-- Dependencies: 235
-- Name: AuthenticationApp_authenticationmodule_id_seq; Type: SEQUENCE SET; Schema: public; Owner: postgres
--

SELECT pg_catalog.setval('public."AuthenticationApp_authenticationmodule_id_seq"', 2, true);


--
-- TOC entry 5059 (class 0 OID 0)
-- Dependencies: 239
-- Name: AuthenticationApp_authenticationmodule_user_permissions_id_seq; Type: SEQUENCE SET; Schema: public; Owner: postgres
--

SELECT pg_catalog.setval('public."AuthenticationApp_authenticationmodule_user_permissions_id_seq"', 1, false);


--
-- TOC entry 5060 (class 0 OID 0)
-- Dependencies: 229
-- Name: AuthenticationApp_employeemodel_id_seq; Type: SEQUENCE SET; Schema: public; Owner: postgres
--

SELECT pg_catalog.setval('public."AuthenticationApp_employeemodel_id_seq"', 4, true);


--
-- TOC entry 5061 (class 0 OID 0)
-- Dependencies: 231
-- Name: AuthenticationApp_productmodel_id_seq; Type: SEQUENCE SET; Schema: public; Owner: postgres
--

SELECT pg_catalog.setval('public."AuthenticationApp_productmodel_id_seq"', 4, true);


--
-- TOC entry 5062 (class 0 OID 0)
-- Dependencies: 233
-- Name: AuthenticationApp_studentmodel_id_seq; Type: SEQUENCE SET; Schema: public; Owner: postgres
--

SELECT pg_catalog.setval('public."AuthenticationApp_studentmodel_id_seq"', 4, true);


--
-- TOC entry 5063 (class 0 OID 0)
-- Dependencies: 225
-- Name: auth_group_id_seq; Type: SEQUENCE SET; Schema: public; Owner: postgres
--

SELECT pg_catalog.setval('public.auth_group_id_seq', 1, false);


--
-- TOC entry 5064 (class 0 OID 0)
-- Dependencies: 227
-- Name: auth_group_permissions_id_seq; Type: SEQUENCE SET; Schema: public; Owner: postgres
--

SELECT pg_catalog.setval('public.auth_group_permissions_id_seq', 1, false);


--
-- TOC entry 5065 (class 0 OID 0)
-- Dependencies: 223
-- Name: auth_permission_id_seq; Type: SEQUENCE SET; Schema: public; Owner: postgres
--

SELECT pg_catalog.setval('public.auth_permission_id_seq', 36, true);


--
-- TOC entry 5066 (class 0 OID 0)
-- Dependencies: 241
-- Name: django_admin_log_id_seq; Type: SEQUENCE SET; Schema: public; Owner: postgres
--

SELECT pg_catalog.setval('public.django_admin_log_id_seq', 3, true);


--
-- TOC entry 5067 (class 0 OID 0)
-- Dependencies: 221
-- Name: django_content_type_id_seq; Type: SEQUENCE SET; Schema: public; Owner: postgres
--

SELECT pg_catalog.setval('public.django_content_type_id_seq', 9, true);


--
-- TOC entry 5068 (class 0 OID 0)
-- Dependencies: 219
-- Name: django_migrations_id_seq; Type: SEQUENCE SET; Schema: public; Owner: postgres
--

SELECT pg_catalog.setval('public.django_migrations_id_seq', 19, true);


--
-- TOC entry 4858 (class 2606 OID 66125)
-- Name: AuthenticationApp_authenticationmodule_user_permissions AuthenticationApp_authen_authenticationmodule_id__14671ee0_uniq; Type: CONSTRAINT; Schema: public; Owner: postgres
--

ALTER TABLE ONLY public."AuthenticationApp_authenticationmodule_user_permissions"
    ADD CONSTRAINT "AuthenticationApp_authen_authenticationmodule_id__14671ee0_uniq" UNIQUE (authenticationmodule_id, permission_id);


--
-- TOC entry 4852 (class 2606 OID 66111)
-- Name: AuthenticationApp_authenticationmodule_groups AuthenticationApp_authen_authenticationmodule_id__8616a707_uniq; Type: CONSTRAINT; Schema: public; Owner: postgres
--

ALTER TABLE ONLY public."AuthenticationApp_authenticationmodule_groups"
    ADD CONSTRAINT "AuthenticationApp_authen_authenticationmodule_id__8616a707_uniq" UNIQUE (authenticationmodule_id, group_id);


--
-- TOC entry 4856 (class 2606 OID 66099)
-- Name: AuthenticationApp_authenticationmodule_groups AuthenticationApp_authenticationmodule_groups_pkey; Type: CONSTRAINT; Schema: public; Owner: postgres
--

ALTER TABLE ONLY public."AuthenticationApp_authenticationmodule_groups"
    ADD CONSTRAINT "AuthenticationApp_authenticationmodule_groups_pkey" PRIMARY KEY (id);


--
-- TOC entry 4847 (class 2606 OID 66088)
-- Name: AuthenticationApp_authenticationmodule AuthenticationApp_authenticationmodule_pkey; Type: CONSTRAINT; Schema: public; Owner: postgres
--

ALTER TABLE ONLY public."AuthenticationApp_authenticationmodule"
    ADD CONSTRAINT "AuthenticationApp_authenticationmodule_pkey" PRIMARY KEY (id);


--
-- TOC entry 4862 (class 2606 OID 66108)
-- Name: AuthenticationApp_authenticationmodule_user_permissions AuthenticationApp_authenticationmodule_user_permissions_pkey; Type: CONSTRAINT; Schema: public; Owner: postgres
--

ALTER TABLE ONLY public."AuthenticationApp_authenticationmodule_user_permissions"
    ADD CONSTRAINT "AuthenticationApp_authenticationmodule_user_permissions_pkey" PRIMARY KEY (id);


--
-- TOC entry 4850 (class 2606 OID 66090)
-- Name: AuthenticationApp_authenticationmodule AuthenticationApp_authenticationmodule_username_key; Type: CONSTRAINT; Schema: public; Owner: postgres
--

ALTER TABLE ONLY public."AuthenticationApp_authenticationmodule"
    ADD CONSTRAINT "AuthenticationApp_authenticationmodule_username_key" UNIQUE (username);


--
-- TOC entry 4841 (class 2606 OID 66052)
-- Name: AuthenticationApp_employeemodel AuthenticationApp_employeemodel_pkey; Type: CONSTRAINT; Schema: public; Owner: postgres
--

ALTER TABLE ONLY public."AuthenticationApp_employeemodel"
    ADD CONSTRAINT "AuthenticationApp_employeemodel_pkey" PRIMARY KEY (id);


--
-- TOC entry 4843 (class 2606 OID 66061)
-- Name: AuthenticationApp_productmodel AuthenticationApp_productmodel_pkey; Type: CONSTRAINT; Schema: public; Owner: postgres
--

ALTER TABLE ONLY public."AuthenticationApp_productmodel"
    ADD CONSTRAINT "AuthenticationApp_productmodel_pkey" PRIMARY KEY (id);


--
-- TOC entry 4845 (class 2606 OID 66070)
-- Name: AuthenticationApp_studentmodel AuthenticationApp_studentmodel_pkey; Type: CONSTRAINT; Schema: public; Owner: postgres
--

ALTER TABLE ONLY public."AuthenticationApp_studentmodel"
    ADD CONSTRAINT "AuthenticationApp_studentmodel_pkey" PRIMARY KEY (id);


--
-- TOC entry 4831 (class 2606 OID 66040)
-- Name: auth_group auth_group_name_key; Type: CONSTRAINT; Schema: public; Owner: postgres
--

ALTER TABLE ONLY public.auth_group
    ADD CONSTRAINT auth_group_name_key UNIQUE (name);


--
-- TOC entry 4836 (class 2606 OID 66025)
-- Name: auth_group_permissions auth_group_permissions_group_id_permission_id_0cd325b0_uniq; Type: CONSTRAINT; Schema: public; Owner: postgres
--

ALTER TABLE ONLY public.auth_group_permissions
    ADD CONSTRAINT auth_group_permissions_group_id_permission_id_0cd325b0_uniq UNIQUE (group_id, permission_id);


--
-- TOC entry 4839 (class 2606 OID 66014)
-- Name: auth_group_permissions auth_group_permissions_pkey; Type: CONSTRAINT; Schema: public; Owner: postgres
--

ALTER TABLE ONLY public.auth_group_permissions
    ADD CONSTRAINT auth_group_permissions_pkey PRIMARY KEY (id);


--
-- TOC entry 4833 (class 2606 OID 66003)
-- Name: auth_group auth_group_pkey; Type: CONSTRAINT; Schema: public; Owner: postgres
--

ALTER TABLE ONLY public.auth_group
    ADD CONSTRAINT auth_group_pkey PRIMARY KEY (id);


--
-- TOC entry 4826 (class 2606 OID 66016)
-- Name: auth_permission auth_permission_content_type_id_codename_01ab375a_uniq; Type: CONSTRAINT; Schema: public; Owner: postgres
--

ALTER TABLE ONLY public.auth_permission
    ADD CONSTRAINT auth_permission_content_type_id_codename_01ab375a_uniq UNIQUE (content_type_id, codename);


--
-- TOC entry 4828 (class 2606 OID 65995)
-- Name: auth_permission auth_permission_pkey; Type: CONSTRAINT; Schema: public; Owner: postgres
--

ALTER TABLE ONLY public.auth_permission
    ADD CONSTRAINT auth_permission_pkey PRIMARY KEY (id);


--
-- TOC entry 4865 (class 2606 OID 66152)
-- Name: django_admin_log django_admin_log_pkey; Type: CONSTRAINT; Schema: public; Owner: postgres
--

ALTER TABLE ONLY public.django_admin_log
    ADD CONSTRAINT django_admin_log_pkey PRIMARY KEY (id);


--
-- TOC entry 4821 (class 2606 OID 65985)
-- Name: django_content_type django_content_type_app_label_model_76bd3d3b_uniq; Type: CONSTRAINT; Schema: public; Owner: postgres
--

ALTER TABLE ONLY public.django_content_type
    ADD CONSTRAINT django_content_type_app_label_model_76bd3d3b_uniq UNIQUE (app_label, model);


--
-- TOC entry 4823 (class 2606 OID 65983)
-- Name: django_content_type django_content_type_pkey; Type: CONSTRAINT; Schema: public; Owner: postgres
--

ALTER TABLE ONLY public.django_content_type
    ADD CONSTRAINT django_content_type_pkey PRIMARY KEY (id);


--
-- TOC entry 4819 (class 2606 OID 65973)
-- Name: django_migrations django_migrations_pkey; Type: CONSTRAINT; Schema: public; Owner: postgres
--

ALTER TABLE ONLY public.django_migrations
    ADD CONSTRAINT django_migrations_pkey PRIMARY KEY (id);


--
-- TOC entry 4869 (class 2606 OID 66174)
-- Name: django_session django_session_pkey; Type: CONSTRAINT; Schema: public; Owner: postgres
--

ALTER TABLE ONLY public.django_session
    ADD CONSTRAINT django_session_pkey PRIMARY KEY (session_key);


--
-- TOC entry 4853 (class 1259 OID 66122)
-- Name: AuthenticationApp_authenti_authenticationmodule_id_8f50d2cf; Type: INDEX; Schema: public; Owner: postgres
--

CREATE INDEX "AuthenticationApp_authenti_authenticationmodule_id_8f50d2cf" ON public."AuthenticationApp_authenticationmodule_groups" USING btree (authenticationmodule_id);


--
-- TOC entry 4859 (class 1259 OID 66136)
-- Name: AuthenticationApp_authenti_authenticationmodule_id_f288eab7; Type: INDEX; Schema: public; Owner: postgres
--

CREATE INDEX "AuthenticationApp_authenti_authenticationmodule_id_f288eab7" ON public."AuthenticationApp_authenticationmodule_user_permissions" USING btree (authenticationmodule_id);


--
-- TOC entry 4860 (class 1259 OID 66137)
-- Name: AuthenticationApp_authenti_permission_id_46ce105c; Type: INDEX; Schema: public; Owner: postgres
--

CREATE INDEX "AuthenticationApp_authenti_permission_id_46ce105c" ON public."AuthenticationApp_authenticationmodule_user_permissions" USING btree (permission_id);


--
-- TOC entry 4854 (class 1259 OID 66123)
-- Name: AuthenticationApp_authenticationmodule_groups_group_id_131ed86a; Type: INDEX; Schema: public; Owner: postgres
--

CREATE INDEX "AuthenticationApp_authenticationmodule_groups_group_id_131ed86a" ON public."AuthenticationApp_authenticationmodule_groups" USING btree (group_id);


--
-- TOC entry 4848 (class 1259 OID 66109)
-- Name: AuthenticationApp_authenticationmodule_username_7a5e1682_like; Type: INDEX; Schema: public; Owner: postgres
--

CREATE INDEX "AuthenticationApp_authenticationmodule_username_7a5e1682_like" ON public."AuthenticationApp_authenticationmodule" USING btree (username varchar_pattern_ops);


--
-- TOC entry 4829 (class 1259 OID 66041)
-- Name: auth_group_name_a6ea08ec_like; Type: INDEX; Schema: public; Owner: postgres
--

CREATE INDEX auth_group_name_a6ea08ec_like ON public.auth_group USING btree (name varchar_pattern_ops);


--
-- TOC entry 4834 (class 1259 OID 66036)
-- Name: auth_group_permissions_group_id_b120cbf9; Type: INDEX; Schema: public; Owner: postgres
--

CREATE INDEX auth_group_permissions_group_id_b120cbf9 ON public.auth_group_permissions USING btree (group_id);


--
-- TOC entry 4837 (class 1259 OID 66037)
-- Name: auth_group_permissions_permission_id_84c5c92e; Type: INDEX; Schema: public; Owner: postgres
--

CREATE INDEX auth_group_permissions_permission_id_84c5c92e ON public.auth_group_permissions USING btree (permission_id);


--
-- TOC entry 4824 (class 1259 OID 66022)
-- Name: auth_permission_content_type_id_2f476e4b; Type: INDEX; Schema: public; Owner: postgres
--

CREATE INDEX auth_permission_content_type_id_2f476e4b ON public.auth_permission USING btree (content_type_id);


--
-- TOC entry 4863 (class 1259 OID 66163)
-- Name: django_admin_log_content_type_id_c4bce8eb; Type: INDEX; Schema: public; Owner: postgres
--

CREATE INDEX django_admin_log_content_type_id_c4bce8eb ON public.django_admin_log USING btree (content_type_id);


--
-- TOC entry 4866 (class 1259 OID 66164)
-- Name: django_admin_log_user_id_c564eba6; Type: INDEX; Schema: public; Owner: postgres
--

CREATE INDEX django_admin_log_user_id_c564eba6 ON public.django_admin_log USING btree (user_id);


--
-- TOC entry 4867 (class 1259 OID 66176)
-- Name: django_session_expire_date_a5c62663; Type: INDEX; Schema: public; Owner: postgres
--

CREATE INDEX django_session_expire_date_a5c62663 ON public.django_session USING btree (expire_date);


--
-- TOC entry 4870 (class 1259 OID 66175)
-- Name: django_session_session_key_c0390e0f_like; Type: INDEX; Schema: public; Owner: postgres
--

CREATE INDEX django_session_session_key_c0390e0f_like ON public.django_session USING btree (session_key varchar_pattern_ops);


--
-- TOC entry 4874 (class 2606 OID 66112)
-- Name: AuthenticationApp_authenticationmodule_groups AuthenticationApp_au_authenticationmodule_8f50d2cf_fk_Authentic; Type: FK CONSTRAINT; Schema: public; Owner: postgres
--

ALTER TABLE ONLY public."AuthenticationApp_authenticationmodule_groups"
    ADD CONSTRAINT "AuthenticationApp_au_authenticationmodule_8f50d2cf_fk_Authentic" FOREIGN KEY (authenticationmodule_id) REFERENCES public."AuthenticationApp_authenticationmodule"(id) DEFERRABLE INITIALLY DEFERRED;


--
-- TOC entry 4876 (class 2606 OID 66126)
-- Name: AuthenticationApp_authenticationmodule_user_permissions AuthenticationApp_au_authenticationmodule_f288eab7_fk_Authentic; Type: FK CONSTRAINT; Schema: public; Owner: postgres
--

ALTER TABLE ONLY public."AuthenticationApp_authenticationmodule_user_permissions"
    ADD CONSTRAINT "AuthenticationApp_au_authenticationmodule_f288eab7_fk_Authentic" FOREIGN KEY (authenticationmodule_id) REFERENCES public."AuthenticationApp_authenticationmodule"(id) DEFERRABLE INITIALLY DEFERRED;


--
-- TOC entry 4875 (class 2606 OID 66117)
-- Name: AuthenticationApp_authenticationmodule_groups AuthenticationApp_au_group_id_131ed86a_fk_auth_grou; Type: FK CONSTRAINT; Schema: public; Owner: postgres
--

ALTER TABLE ONLY public."AuthenticationApp_authenticationmodule_groups"
    ADD CONSTRAINT "AuthenticationApp_au_group_id_131ed86a_fk_auth_grou" FOREIGN KEY (group_id) REFERENCES public.auth_group(id) DEFERRABLE INITIALLY DEFERRED;


--
-- TOC entry 4877 (class 2606 OID 66131)
-- Name: AuthenticationApp_authenticationmodule_user_permissions AuthenticationApp_au_permission_id_46ce105c_fk_auth_perm; Type: FK CONSTRAINT; Schema: public; Owner: postgres
--

ALTER TABLE ONLY public."AuthenticationApp_authenticationmodule_user_permissions"
    ADD CONSTRAINT "AuthenticationApp_au_permission_id_46ce105c_fk_auth_perm" FOREIGN KEY (permission_id) REFERENCES public.auth_permission(id) DEFERRABLE INITIALLY DEFERRED;


--
-- TOC entry 4872 (class 2606 OID 66031)
-- Name: auth_group_permissions auth_group_permissio_permission_id_84c5c92e_fk_auth_perm; Type: FK CONSTRAINT; Schema: public; Owner: postgres
--

ALTER TABLE ONLY public.auth_group_permissions
    ADD CONSTRAINT auth_group_permissio_permission_id_84c5c92e_fk_auth_perm FOREIGN KEY (permission_id) REFERENCES public.auth_permission(id) DEFERRABLE INITIALLY DEFERRED;


--
-- TOC entry 4873 (class 2606 OID 66026)
-- Name: auth_group_permissions auth_group_permissions_group_id_b120cbf9_fk_auth_group_id; Type: FK CONSTRAINT; Schema: public; Owner: postgres
--

ALTER TABLE ONLY public.auth_group_permissions
    ADD CONSTRAINT auth_group_permissions_group_id_b120cbf9_fk_auth_group_id FOREIGN KEY (group_id) REFERENCES public.auth_group(id) DEFERRABLE INITIALLY DEFERRED;


--
-- TOC entry 4871 (class 2606 OID 66017)
-- Name: auth_permission auth_permission_content_type_id_2f476e4b_fk_django_co; Type: FK CONSTRAINT; Schema: public; Owner: postgres
--

ALTER TABLE ONLY public.auth_permission
    ADD CONSTRAINT auth_permission_content_type_id_2f476e4b_fk_django_co FOREIGN KEY (content_type_id) REFERENCES public.django_content_type(id) DEFERRABLE INITIALLY DEFERRED;


--
-- TOC entry 4878 (class 2606 OID 66153)
-- Name: django_admin_log django_admin_log_content_type_id_c4bce8eb_fk_django_co; Type: FK CONSTRAINT; Schema: public; Owner: postgres
--

ALTER TABLE ONLY public.django_admin_log
    ADD CONSTRAINT django_admin_log_content_type_id_c4bce8eb_fk_django_co FOREIGN KEY (content_type_id) REFERENCES public.django_content_type(id) DEFERRABLE INITIALLY DEFERRED;


--
-- TOC entry 4879 (class 2606 OID 66158)
-- Name: django_admin_log django_admin_log_user_id_c564eba6_fk_Authentic; Type: FK CONSTRAINT; Schema: public; Owner: postgres
--

ALTER TABLE ONLY public.django_admin_log
    ADD CONSTRAINT "django_admin_log_user_id_c564eba6_fk_Authentic" FOREIGN KEY (user_id) REFERENCES public."AuthenticationApp_authenticationmodule"(id) DEFERRABLE INITIALLY DEFERRED;


-- Completed on 2026-06-17 08:41:02

--
-- PostgreSQL database dump complete
--

\unrestrict evWx9uc1AoC1l0Z5xkWVqFdRPa2rvV3la6zHghOOOckC0aIlWtYqQ0fOuC7FXAS

